SeriesName,SeasonNumber,EpisodeNumber,EpisodeTitle,AirDate
Black Mirror,3,0,Shut Up And Dance,2016-10-21
Breaking Bad,0,1,Pilot,2008-01-20
Breaking Bad,1,0,Cat's In The Bag...,2008-01-27
Breaking Bad,1,2,Untitled Episode,2008-01-27
Friends,3,5,The One With Frank Jr.,1996-10-17
Game Of Thrones,0,9,The Rains Of Castamere,2013-06-02
Lost,2,10,The 23Rd Psalm,2006-01-11
Mr. Robot,2,3,Eps2.1_k3rnel-pan1c.ksd,2016-07-27
Severance,1,9,The We We Are,2022-04-08
The Bear,2,0,Untitled Episode,2023-06-22
The Office,0,2,Diversity Day,2005-03-29
The Office,1,0,Health Care,2005-04-05
The Office,1,1,Pilot,2005-03-24
Twin Peaks,2,7,Lonely Souls,1991-11-16
